,COUNTRY,YEAR,GDP,OLD,OBESITY,DOC,PRICE,HCE
Australia_2010,Australia,2010,41177,13.6,24.96,3.5,129,8.4
Australia_2011,Australia,2011,43420,13.8,25.35,3.5,129,8.5
Australia_2012,Australia,2012,43205,14.1,25.74,3.5,129,8.7
Australia_2013,Australia,2013,46818,14.4,26.14,3.6,129,8.8
Australia_2014,Australia,2014,47250,14.7,26.55,3.6,129,9.8
Australia_2015,Australia,2015,46638,14.9,26.98,3.7,129,10.2
Australia_2016,Australia,2016,48353,15.2,27.42,3.8,129,10.1
Australia_2017,Australia,2017,49543,15.4,27.88,3.9,129,10.1
Australia_2018,Australia,2018,51612,15.6,28.34,3.9,129,10.1
Australia_2019,Australia,2019,53918,15.9,28.8,4,129,10.2
Australia_2020,Australia,2020,53944,16.3,29.27,4.1,122,10.7
Australia_2021,Australia,2021,60586,16.8,29.75,4.2,133,10.6
Australia_2022,Australia,2022,69285,17.1,30.24,4.3,131,9.6
Austria_2010,Austria,2010,42014,17.7,14.02,4.8,99,10.2
Austria_2011,Austria,2011,44469,17.7,14.1,4.8,99,10
Austria_2012,Austria,2012,46478,17.9,14.17,4.9,99,10.2
Austria_2013,Austria,2013,47937,18.2,14.23,5,99,10.3
Austria_2014,Austria,2014,48814,18.4,14.31,5.1,99,10.4
Austria_2015,Austria,2015,49942,18.5,14.4,5.1,99,10.4
Austria_2016,Austria,2016,52665,18.5,14.52,5.1,99,10.4
Austria_2017,Austria,2017,54188,18.6,14.64,5.2,99,10.4
Austria_2018,Austria,2018,56956,18.8,14.77,5.2,99,10.3
Austria_2019,Austria,2019,60590,18.9,14.9,5.3,99,10.5
Austria_2020,Austria,2020,58611,19.2,15.04,5.4,101,11.4
Austria_2021,Austria,2021,63451,19.4,15.2,5.4,101,12.1
Austria_2022,Austria,2022,70889,19.5,15.37,5.5,94,11.4
Belgium_2010,Belgium,2010,39834,17.2,17.47,2.9,84,10.2
Belgium_2011,Belgium,2011,40942,17.3,17.65,2.9,84,10.4
Belgium_2012,Belgium,2012,42291,17.5,17.82,2.9,84,10.5
Belgium_2013,Belgium,2013,43671,17.8,17.99,3.7,84,10.6
Belgium_2014,Belgium,2014,44930,18,18.17,3.8,84,10.6
Belgium_2015,Belgium,2015,46202,18.2,18.36,3.8,84,10.8
Belgium_2016,Belgium,2016,48598,18.4,18.57,3.9,84,10.8
Belgium_2017,Belgium,2017,50441,18.6,18.79,3.9,84,10.8
Belgium_2018,Belgium,2018,52531,18.8,19.01,2.8,84,10.9
Belgium_2019,Belgium,2019,56623,19.1,19.25,2.8,84,10.8
Belgium_2020,Belgium,2020,55730,19.3,19.49,2.9,86,11.2
Belgium_2021,Belgium,2021,62124,19.5,19.75,2.9,85,11
Belgium_2022,Belgium,2022,68305,19.7,20.03,2.9,80,10.9
Canada_2010,Canada,2010,40153,14.1,24.27,2.1,104,10.7
Canada_2011,Canada,2011,41716,14.4,24.48,2.1,104,10.4
Canada_2012,Canada,2012,42352,14.8,24.65,2.2,104,10.5
Canada_2013,Canada,2013,44363,15.3,24.81,2.2,104,10.4
Canada_2014,Canada,2014,45816,15.6,24.97,2.3,104,10.3
Canada_2015,Canada,2015,44703,16,25.12,2.3,104,10.7
Canada_2016,Canada,2016,46546,16.4,25.28,2.3,104,11
Canada_2017,Canada,2017,48385,16.8,25.43,2.4,104,10.9
Canada_2018,Canada,2018,50068,17.1,25.57,2.4,104,10.9
Canada_2019,Canada,2019,50584,17.6,25.72,2.4,104,11
Canada_2020,Canada,2020,48630,18,25.88,2.4,100,13
Canada_2021,Canada,2021,55807,18.5,26.05,2.5,103,12.3
Canada_2022,Canada,2022,62157,18.8,26.23,2.5,108,11.2
Chile_2010,Chile,2010,18040,9.4,27.96,0.9,44,6.8
Chile_2011,Chile,2011,20236,9.6,28.77,0.9,44,6.8
Chile_2012,Chile,2012,21462,9.8,29.61,1,44,7
Chile_2013,Chile,2013,22295,10.1,30.47,1.2,44,7.5
Chile_2014,Chile,2014,22649,10.3,31.35,1.4,44,7.8
Chile_2015,Chile,2015,22562,10.6,32.25,1.5,44,8.4
Chile_2016,Chile,2016,23376,10.9,33.17,1.7,44,8.6
Chile_2017,Chile,2017,24466,11.2,34.1,1.7,44,9.1
Chile_2018,Chile,2018,25492,11.5,35.04,1.9,44,9.2
Chile_2019,Chile,2019,25734,11.8,35.99,1.9,44,9.4
Chile_2020,Chile,2020,25258,12.1,36.95,2.4,46,9.7
Chile_2021,Chile,2021,28789,12.5,37.93,2.4,47,9.3
Chile_2022,Chile,2022,31232,12.9,38.91,2.5,40,9
Colombia_2010,Colombia,2010,11206,7,16.99,1.6,25,7.1
Colombia_2011,Colombia,2011,12108,7.2,17.57,1.7,25,6.8
Colombia_2012,Colombia,2012,12531,7.4,18.15,1.8,25,6.7
Colombia_2013,Colombia,2013,13266,7.6,18.73,1.9,25,7
Colombia_2014,Colombia,2014,13777,7.8,19.3,2,25,7.2
Colombia_2015,Colombia,2015,13763,8.1,19.85,2,25,7.5
Colombia_2016,Colombia,2016,14514,8.3,20.4,2.1,25,7.5
Colombia_2017,Colombia,2017,14931,8.6,20.93,2.2,25,7.7
Colombia_2018,Colombia,2018,15815,8.8,21.45,2.3,25,7.6
Colombia_2019,Colombia,2019,16712,9,21.97,2.3,25,7.8
Colombia_2020,Colombia,2020,15951,9.3,22.51,2.3,26,8.7
Colombia_2021,Colombia,2021,18142,9.5,23.06,2.3,25,9
Colombia_2022,Colombia,2022,21631,9.7,23.62,2.3,24,8.1
Costa Rica_2010,Costa Rica,2010,13370,6.5,23.55,0.5,95,8
Costa Rica_2011,Costa Rica,2011,14068,6.6,24.21,0.5,95,8.1
Costa Rica_2012,Costa Rica,2012,14853,6.8,24.86,0.5,95,7.8
Costa Rica_2013,Costa Rica,2013,15542,7,25.51,0.5,95,7.7
Costa Rica_2014,Costa Rica,2014,16616,7.1,26.17,0.5,95,7.7
Costa Rica_2015,Costa Rica,2015,17649,7.4,26.81,0.6,95,7.6
Costa Rica_2016,Costa Rica,2016,19119,7.6,27.46,0.6,95,7.3
Costa Rica_2017,Costa Rica,2017,20368,7.9,28.1,0.6,95,7
Costa Rica_2018,Costa Rica,2018,21313,8.2,28.74,0.6,95,7.3
Costa Rica_2019,Costa Rica,2019,23083,8.5,29.38,0.6,95,7.2
Costa Rica_2020,Costa Rica,2020,21779,8.9,30.04,0.6,101,7.8
Costa Rica_2021,Costa Rica,2021,23668,9.2,30.71,0.7,89,7.6
Costa Rica_2022,Costa Rica,2022,26008,9.6,31.39,0.7,94,7.2
Czechia_2010,Czechia,2010,27760,15.4,21.19,4.4,35,7.6
Czechia_2011,Czechia,2011,28999,15.9,21.5,4.4,35,7.6
Czechia_2012,Czechia,2012,29253,16.5,21.84,4.5,35,7.6
Czechia_2013,Czechia,2013,30823,17.1,22.19,4.5,35,7.5
Czechia_2014,Czechia,2014,32501,17.6,22.55,4.7,35,7.6
Czechia_2015,Czechia,2015,33908,18.1,22.94,4.6,35,7.4
Czechia_2016,Czechia,2016,36100,18.6,23.35,4.7,35,7.4
Czechia_2017,Czechia,2017,38838,19,23.77,4.7,35,7.4
Czechia_2018,Czechia,2018,41153,19.4,24.19,4.7,35,7.5
Czechia_2019,Czechia,2019,44868,19.8,24.62,4.8,35,7.6
Czechia_2020,Czechia,2020,43912,20,25.06,4.8,33,9.2
Czechia_2021,Czechia,2021,47551,20.6,25.51,5,34,9.5
Czechia_2022,Czechia,2022,51625,20.4,25.98,4.9,38,9.1
Denmark_2010,Denmark,2010,42997,16.6,12.46,3.7,100,10.6
Denmark_2011,Denmark,2011,44404,17.1,12.51,3.8,100,10.4
Denmark_2012,Denmark,2012,44811,17.7,12.55,3.8,100,10.5
Denmark_2013,Denmark,2013,46741,18.1,12.58,3.9,100,10.3
Denmark_2014,Denmark,2014,47906,18.5,12.63,3.9,100,10.3
Denmark_2015,Denmark,2015,49056,18.7,12.68,3.9,100,10.3
Denmark_2016,Denmark,2016,51969,19,12.75,4,100,10.2
Denmark_2017,Denmark,2017,55357,19.2,12.82,4.1,100,10.1
Denmark_2018,Denmark,2018,57479,19.5,12.9,4.2,100,10.1
Denmark_2019,Denmark,2019,60763,19.7,12.98,4.3,100,10.2
Denmark_2020,Denmark,2020,62547,20,13.07,4.4,102,10.6
Denmark_2021,Denmark,2021,69909,20.3,13.17,4.5,103,10.8
Denmark_2022,Denmark,2022,77908,20.4,13.28,4.6,94,9.5
Estonia_2010,Estonia,2010,21586,17.4,20.53,3.2,54,6.6
Estonia_2011,Estonia,2011,24516,17.6,20.72,3.3,54,6.1
Estonia_2012,Estonia,2012,25947,17.9,20.89,3.3,54,6.1
Estonia_2013,Estonia,2013,27419,18.2,21.04,3.3,54,6.3
Estonia_2014,Estonia,2014,28918,18.6,21.17,3.4,54,6.4
Estonia_2015,Estonia,2015,29223,18.9,21.3,3.4,54,6.6
Estonia_2016,Estonia,2016,31310,19.2,21.43,3.5,54,6.7
Estonia_2017,Estonia,2017,33868,19.5,21.55,3.5,54,6.6
Estonia_2018,Estonia,2018,36489,19.7,21.67,3.5,54,6.7
Estonia_2019,Estonia,2019,39906,19.9,21.79,3.5,54,6.8
Estonia_2020,Estonia,2020,40064,20.2,21.91,3.5,53,7.6
Estonia_2021,Estonia,2021,44681,20.4,22.03,3.5,55,7.5
Estonia_2022,Estonia,2022,48555,20.3,22.16,3.5,53,6.9
Finland_2010,Finland,2010,38949,17.3,18.99,3.2,103,9.1
Finland_2011,Finland,2011,40917,17.8,19.16,3.3,103,9.2
Finland_2012,Finland,2012,40873,18.5,19.33,3.3,103,9.6
Finland_2013,Finland,2013,41493,19.1,19.5,3.3,103,9.8
Finland_2014,Finland,2014,41750,19.7,19.68,3.4,103,9.8
Finland_2015,Finland,2015,42490,20.2,19.87,3.4,103,9.6
Finland_2016,Finland,2016,44935,20.7,20.08,3.4,103,9.4
Finland_2017,Finland,2017,47570,21.1,20.3,3.5,103,9.1
Finland_2018,Finland,2018,49573,21.6,20.52,3.5,103,9
Finland_2019,Finland,2019,52570,22.1,20.75,3.6,103,9.2
Finland_2020,Finland,2020,53658,22.5,20.99,3.6,104,9.6
Finland_2021,Finland,2021,57784,22.9,21.24,3.6,108,10.3
Finland_2022,Finland,2022,62590,23.2,21.51,3.6,98,10
France_2010,France,2010,35906,16.7,12.09,3.3,68,11.2
France_2011,France,2011,37448,16.9,11.92,3.3,68,11.2
France_2012,France,2012,37684,17.4,11.73,3.3,68,11.3
France_2013,France,2013,39529,17.8,11.53,3.3,68,11.4
France_2014,France,2014,40144,18.2,11.32,3.3,68,11.5
France_2015,France,2015,40830,18.6,11.1,3.3,68,11.4
France_2016,France,2016,42856,19.1,10.89,3.4,68,11.5
France_2017,France,2017,44445,19.5,10.68,3.4,68,11.4
France_2018,France,2018,46337,19.8,10.47,3.4,68,11.2
France_2019,France,2019,50962,20.2,10.26,3.4,68,11.1
France_2020,France,2020,49180,20.5,10.07,3.4,69,12.1
France_2021,France,2021,53463,20.8,9.88,3.4,71,12.3
France_2022,France,2022,57180,21.1,9.7,3.4,64,12.1
Germany_2010,Germany,2010,39670,20.6,20.44,3.8,78,11.1
Germany_2011,Germany,2011,42541,20.7,20.47,3.9,78,10.8
Germany_2012,Germany,2012,43359,20.7,20.47,4,78,10.9
Germany_2013,Germany,2013,44994,20.8,20.45,4,78,11
Germany_2014,Germany,2014,47011,21,20.43,4.1,78,11
Germany_2015,Germany,2015,47609,21,20.41,4.1,78,11.2
Germany_2016,Germany,2016,50579,21.1,20.4,4.2,78,11.2
Germany_2017,Germany,2017,53072,21.3,20.39,4.3,78,11.3
Germany_2018,Germany,2018,55196,21.5,20.38,4.3,78,11.5
Germany_2019,Germany,2019,58252,21.6,20.37,4.4,78,11.7
Germany_2020,Germany,2020,57905,21.9,20.37,4.5,79,12.7
Germany_2021,Germany,2021,61940,22.1,20.38,4.5,81,12.9
Germany_2022,Germany,2022,66616,22.1,20.4,4.5,74,12.7
Greece_2010,Greece,2010,27908,19.1,23.91,5.8,59,9.6
Greece_2011,Greece,2011,25671,19.5,24.27,5.8,59,9.2
Greece_2012,Greece,2012,24911,19.9,24.61,5.8,59,8.9
Greece_2013,Greece,2013,25987,20.3,24.93,5.8,59,8.4
Greece_2014,Greece,2014,26625,20.7,25.25,5.9,59,7.9
Greece_2015,Greece,2015,26760,21.1,25.57,5.9,59,8.2
Greece_2016,Greece,2016,27512,21.4,25.89,6.1,59,8.4
Greece_2017,Greece,2017,28605,21.7,26.22,6.1,59,8.1
Greece_2018,Greece,2018,29618,21.9,26.54,6.1,59,8.1
Greece_2019,Greece,2019,31611,22.1,26.88,6.2,59,8.2
Greece_2020,Greece,2020,29088,22.4,27.23,6.2,61,9.5
Greece_2021,Greece,2021,32797,22.6,27.6,6.3,61,9.2
Greece_2022,Greece,2022,38365,22.8,27.98,6.6,54,8.6
Hungary_2010,Hungary,2010,21737,16.7,24.02,2.8,30,7.4
Hungary_2011,Hungary,2011,23029,16.8,24.61,2.9,30,7.5
Hungary_2012,Hungary,2012,23223,17,25.19,3.1,30,7.4
Hungary_2013,Hungary,2013,24553,17.4,25.78,3.2,30,7.2
Hungary_2014,Hungary,2014,25695,17.7,26.39,3.3,30,7
Hungary_2015,Hungary,2015,26808,18.1,27.01,3,30,6.9
Hungary_2016,Hungary,2016,27942,18.5,27.65,3.8,30,7
Hungary_2017,Hungary,2017,29506,18.8,28.3,3.9,30,6.7
Hungary_2018,Hungary,2018,31915,19.1,28.96,4,30,6.6
Hungary_2019,Hungary,2019,35165,19.6,29.63,4.2,30,6.3
Hungary_2020,Hungary,2020,35017,20.1,30.31,3.8,31,7.3
Hungary_2021,Hungary,2021,38655,20.4,31,4,31,7.4
Hungary_2022,Hungary,2022,43406,20.6,31.7,4.2,28,6.7
Iceland_2010,Iceland,2010,39758,12.1,18.3,3.6,149,8.4
Iceland_2011,Iceland,2011,40907,12.5,18.53,3.6,149,8.2
Iceland_2012,Iceland,2012,42003,12.8,18.74,3.6,149,8.2
Iceland_2013,Iceland,2013,44333,13.1,18.94,3.7,149,8.2
Iceland_2014,Iceland,2014,45963,13.4,19.15,3.7,149,8.2
Iceland_2015,Iceland,2015,49159,13.7,19.38,3.9,149,8.1
Iceland_2016,Iceland,2016,53296,13.9,19.62,3.9,149,8.1
Iceland_2017,Iceland,2017,55401,14,19.87,3.9,149,8.3
Iceland_2018,Iceland,2018,56975,14.1,20.13,4,149,8.4
Iceland_2019,Iceland,2019,60350,14.3,20.39,4,149,8.6
Iceland_2020,Iceland,2020,55662,14.6,20.66,4,144,9.6
Iceland_2021,Iceland,2021,61874,14.9,20.94,4.1,149,9.7
Iceland_2022,Iceland,2022,73295,15,21.23,4.1,155,8.6
Ireland_2010,Ireland,2010,43207,11.3,24.39,2.7,125,10.5
Ireland_2011,Ireland,2011,45132,11.6,24.73,2.7,125,10.6
Ireland_2012,Ireland,2012,46305,12,25.05,2.7,125,10.6
Ireland_2013,Ireland,2013,47836,12.3,25.35,2.7,125,10.3
Ireland_2014,Ireland,2014,51297,12.7,25.66,3,125,9.5
Ireland_2015,Ireland,2015,69306,13,25.98,3.1,125,7.3
Ireland_2016,Ireland,2016,71506,13.3,26.3,3.2,125,7.5
Ireland_2017,Ireland,2017,78252,13.6,26.63,3.3,125,7.1
Ireland_2018,Ireland,2018,85035,13.9,26.96,3.3,125,6.9
Ireland_2019,Ireland,2019,91073,14.1,27.3,3.3,125,6.7
Ireland_2020,Ireland,2020,97165,14.5,27.64,3.5,128,7.1
Ireland_2021,Ireland,2021,114451,14.8,27.99,4.1,130,6.7
Ireland_2022,Ireland,2022,134149,15.1,28.35,4.1,117,6.1
Israel_2010,Israel,2010,29372,9.9,21.78,3.2,140,6.9
Israel_2011,Israel,2011,31244,10.1,21.88,3.3,140,6.8
Israel_2012,Israel,2012,32415,10.3,21.93,3.1,140,7
Israel_2013,Israel,2013,34744,10.6,21.97,3.2,140,7
Israel_2014,Israel,2014,34729,10.7,22,3.2,140,7
Israel_2015,Israel,2015,35796,11,22.04,3.3,140,7
Israel_2016,Israel,2016,38085,11.2,22.08,3.3,140,7.1
Israel_2017,Israel,2017,39352,11.5,22.13,3.4,140,7.2
Israel_2018,Israel,2018,40083,11.7,22.19,3.5,140,7.2
Israel_2019,Israel,2019,41236,11.9,22.24,3.6,140,7.2
Israel_2020,Israel,2020,41055,12.1,22.31,3.6,135,7.7
Israel_2021,Israel,2021,46258,12.2,22.4,3.7,140,7.9
Israel_2022,Israel,2022,52169,12.4,22.49,3.7,146,7.4
Italy_2010,Italy,2010,34834,20.4,15.85,3.8,85,8.9
Italy_2011,Italy,2011,36203,20.6,15.97,3.9,85,8.8
Italy_2012,Italy,2012,36091,21,16.08,3.9,85,8.8
Italy_2013,Italy,2013,36268,21.3,16.18,3.9,85,8.8
Italy_2014,Italy,2014,36476,21.7,16.27,3.9,85,8.9
Italy_2015,Italy,2015,37206,22,16.38,3.8,85,8.9
Italy_2016,Italy,2016,40267,22.3,16.49,4,85,8.7
Italy_2017,Italy,2017,41951,22.5,16.61,4,85,8.7
Italy_2018,Italy,2018,43428,22.8,16.73,4,85,8.7
Italy_2019,Italy,2019,46470,23.1,16.86,4.1,85,8.7
Italy_2020,Italy,2020,44202,23.4,17,4,89,9.6
Italy_2021,Italy,2021,49902,23.7,17.14,4.1,87,9.4
Italy_2022,Italy,2022,55839,23.9,17.29,4.2,79,9
Japan_2010,Japan,2010,35350,23,3.66,2.2,66,9.1
Japan_2011,Japan,2011,36263,23.3,3.77,2.3,66,10.5
Japan_2012,Japan,2012,37660,24.1,3.89,2.3,66,10.7
Japan_2013,Japan,2013,39467,25.1,4.01,2.4,66,10.7
Japan_2014,Japan,2014,39636,26,4.14,2.4,66,10.7
Japan_2015,Japan,2015,40930,26.6,4.28,2.4,66,10.8
Japan_2016,Japan,2016,40678,27.2,4.44,2.4,66,10.7
Japan_2017,Japan,2017,41569,27.6,4.59,2.5,66,10.7
Japan_2018,Japan,2018,42307,28,4.76,2.5,66,10.7
Japan_2019,Japan,2019,42897,28.3,4.94,2.6,66,11
Japan_2020,Japan,2020,42652,28.6,5.13,2.6,72,11
Japan_2021,Japan,2021,44635,28.9,5.33,2.7,67,11.3
Japan_2022,Japan,2022,47281,29,5.54,2.7,58,11.5
Korea_2010,Korea,2010,31737,10.8,3.72,2,54,5.8
Korea_2011,Korea,2011,32547,11,3.91,2,54,5.9
Korea_2012,Korea,2012,33557,11.5,4.1,2.1,54,6
Korea_2013,Korea,2013,34244,11.9,4.32,2.2,54,6.2
Korea_2014,Korea,2014,35324,12.4,4.55,2.2,54,6.4
Korea_2015,Korea,2015,37902,12.8,4.81,2.2,54,6.6
Korea_2016,Korea,2016,39575,13.2,5.09,2.3,54,6.9
Korea_2017,Korea,2017,40957,13.8,5.4,2.4,54,7
Korea_2018,Korea,2018,43044,14.3,5.73,2.4,54,7.5
Korea_2019,Korea,2019,43865,14.9,6.09,2.5,54,8.2
Korea_2020,Korea,2020,45143,15.7,6.48,2.5,56,8.4
Korea_2021,Korea,2021,48595,16.6,6.89,2.6,55,9.3
Korea_2022,Korea,2022,51667,17.5,7.33,2.6,52,9.7
Latvia_2010,Latvia,2010,17706,18.2,21.13,3.2,44,6.1
Latvia_2011,Latvia,2011,19257,18.5,21.41,3.2,44,5.7
Latvia_2012,Latvia,2012,21298,18.7,21.69,3.2,44,5.4
Latvia_2013,Latvia,2013,22637,18.9,21.95,3.3,44,5.4
Latvia_2014,Latvia,2014,23810,19.2,22.2,3.3,44,5.5
Latvia_2015,Latvia,2015,24976,19.5,22.46,3.3,44,5.7
Latvia_2016,Latvia,2016,26725,19.8,22.72,3.3,44,6.1
Latvia_2017,Latvia,2017,28690,20,22.97,3.3,44,6
Latvia_2018,Latvia,2018,30892,20.2,23.22,3.4,44,6.2
Latvia_2019,Latvia,2019,33306,20.4,23.47,3.3,44,6.6
Latvia_2020,Latvia,2020,33726,20.7,23.73,3.3,40,7.2
Latvia_2021,Latvia,2021,36807,20.8,24,3.4,48,9
Latvia_2022,Latvia,2022,40957,20.9,24.27,3.4,43,8.8
Lithuania_2010,Lithuania,2010,20093,17.6,22.54,4,38,6.8
Lithuania_2011,Lithuania,2011,22885,18,22.78,4.1,38,6.5
Lithuania_2012,Lithuania,2012,24704,18.2,23,4.2,38,6.3
Lithuania_2013,Lithuania,2013,26722,18.3,23.22,4.3,38,6.1
Lithuania_2014,Lithuania,2014,28184,18.6,23.44,4.3,38,6.2
Lithuania_2015,Lithuania,2015,28835,18.9,23.67,4.3,38,6.5
Lithuania_2016,Lithuania,2016,30925,19.2,23.9,4.5,38,6.6
Lithuania_2017,Lithuania,2017,33762,19.5,24.13,4.6,38,6.5
Lithuania_2018,Lithuania,2018,36377,19.7,24.36,4.6,38,6.5
Lithuania_2019,Lithuania,2019,40578,19.8,24.6,4.6,38,7
Lithuania_2020,Lithuania,2020,41168,19.9,24.84,4.5,38,7.5
Lithuania_2021,Lithuania,2021,46285,20,25.09,4.5,39,7.8
Lithuania_2022,Lithuania,2022,50997,20,25.36,4.4,38,7.5
Mexico_2010,Mexico,2010,16087,6.1,27.96,1.5,58,5.7
Mexico_2011,Mexico,2011,17502,6.2,28.64,1.7,58,5.5
Mexico_2012,Mexico,2012,18287,6.4,29.33,1.7,58,5.7
Mexico_2013,Mexico,2013,18481,6.5,30.01,1.7,58,5.8
Mexico_2014,Mexico,2014,19154,6.6,30.69,1.5,58,5.6
Mexico_2015,Mexico,2015,19395,6.8,31.36,1.5,58,5.7
Mexico_2016,Mexico,2016,20410,6.9,32.03,1.5,58,5.6
Mexico_2017,Mexico,2017,20756,7.1,32.69,1.6,58,5.5
Mexico_2018,Mexico,2018,21131,7.2,33.34,1.6,58,5.4
Mexico_2019,Mexico,2019,21099,7.4,34,1.6,58,5.4
Mexico_2020,Mexico,2020,19418,7.6,34.67,1,54,6.2
Mexico_2021,Mexico,2021,21037,7.9,35.35,1.5,57,6.1
Mexico_2022,Mexico,2022,23675,8.1,36.03,1,63,5.5
Netherlands_2010,Netherlands,2010,45036,15.4,13.65,3,100,10.2
Netherlands_2011,Netherlands,2011,46599,15.9,13.73,3.1,100,10.2
Netherlands_2012,Netherlands,2012,47272,16.5,13.79,3.3,100,10.5
Netherlands_2013,Netherlands,2013,49241,17.1,13.84,3.3,100,10.6
Netherlands_2014,Netherlands,2014,49233,17.6,13.89,3.4,100,10.6
Netherlands_2015,Netherlands,2015,50289,18,13.95,3.5,100,10.3
Netherlands_2016,Netherlands,2016,52289,18.3,14.02,3.5,100,10.3
Netherlands_2017,Netherlands,2017,55088,18.7,14.09,3.6,100,10.1
Netherlands_2018,Netherlands,2018,57827,19,14.17,3.7,100,10
Netherlands_2019,Netherlands,2019,61103,19.3,14.25,3.8,100,10.1
Netherlands_2020,Netherlands,2020,61076,19.6,14.34,3.9,103,11.2
Netherlands_2021,Netherlands,2021,67727,19.9,14.44,3.9,104,11.3
Netherlands_2022,Netherlands,2022,74510,20.1,14.54,3.9,93,10.2
New Zealand_2010,New Zealand,2010,30919,13,28.35,2.7,75,9.6
New Zealand_2011,New Zealand,2011,32376,13.2,28.84,2.7,75,9.5
New Zealand_2012,New Zealand,2012,32734,13.7,29.29,2.7,75,9.7
New Zealand_2013,New Zealand,2013,35468,14.1,29.73,2.9,75,9.4
New Zealand_2014,New Zealand,2014,36996,14.4,30.16,3,75,9.4
New Zealand_2015,New Zealand,2015,36932,14.5,30.59,3,75,9.3
New Zealand_2016,New Zealand,2016,39245,14.7,31.02,3,75,9.2
New Zealand_2017,New Zealand,2017,41575,14.8,31.46,3.2,75,9
New Zealand_2018,New Zealand,2018,41973,15,31.88,3.3,75,9
New Zealand_2019,New Zealand,2019,44632,15.3,32.3,3.4,75,9.1
New Zealand_2020,New Zealand,2020,44698,15.6,32.73,3.5,73,9.7
New Zealand_2021,New Zealand,2021,47440,16,33.17,3.5,77,10.1
New Zealand_2022,New Zealand,2022,51204,16.4,33.62,3.5,75,11.2
Norway_2010,Norway,2010,58214,15,16.01,4.1,132,8.9
Norway_2011,Norway,2011,62449,15.2,16.27,4.2,132,8.7
Norway_2012,Norway,2012,65766,15.5,16.52,4.2,132,8.7
Norway_2013,Norway,2013,67380,15.8,16.75,4.3,132,8.9
Norway_2014,Norway,2014,66310,16,16.99,4.4,132,9.3
Norway_2015,Norway,2015,60719,16.3,17.23,4.5,132,10.1
Norway_2016,Norway,2016,59252,16.5,17.48,4.6,132,10.5
Norway_2017,Norway,2017,64577,16.8,17.74,4.7,132,10.2
Norway_2018,Norway,2018,70243,17.1,18.01,4.9,132,10
Norway_2019,Norway,2019,70958,17.4,18.27,5,132,10.4
Norway_2020,Norway,2020,67129,17.7,18.55,5.1,131,11.2
Norway_2021,Norway,2021,89247,18.1,18.84,5.2,140,9.9
Norway_2022,Norway,2022,124284,18.3,19.15,5.3,126,7.9
Poland_2010,Poland,2010,20630,13.4,21.27,1.8,32,6.5
Poland_2011,Poland,2011,22385,13.6,21.74,1.9,32,6.3
Poland_2012,Poland,2012,23299,14,22.21,1.9,32,6.3
Poland_2013,Poland,2013,24024,14.5,22.69,2.2,32,6.5
Poland_2014,Poland,2014,25004,15,23.17,2.3,32,6.3
Poland_2015,Poland,2015,26494,15.5,23.68,2.3,32,6.4
Poland_2016,Poland,2016,27827,16.1,24.2,2.4,32,6.6
Poland_2017,Poland,2017,29605,16.7,24.73,2.4,32,6.6
Poland_2018,Poland,2018,31658,17.2,25.26,2.4,32,6.3
Poland_2019,Poland,2019,35093,17.8,25.8,3.3,32,6.5
Poland_2020,Poland,2020,35897,18.4,26.35,3.3,32,6.5
Poland_2021,Poland,2021,40011,18.8,26.92,3.4,32,6.4
Poland_2022,Poland,2022,45474,19.2,27.5,3.5,32,6.7
Portugal_2010,Portugal,2010,27257,18.5,18.13,3.9,62,10
Portugal_2011,Portugal,2011,26770,19,18.42,4.1,62,9.7
Portugal_2012,Portugal,2012,26438,19.3,18.69,4.2,62,9.7
Portugal_2013,Portugal,2013,27936,19.7,18.97,4.3,62,9.4
Portugal_2014,Portugal,2014,28742,20.2,19.24,4.5,62,9.3
Portugal_2015,Portugal,2015,29661,20.7,19.53,4.7,62,9.3
Portugal_2016,Portugal,2016,31608,21.1,19.82,4.9,62,9.4
Portugal_2017,Portugal,2017,33045,21.6,20.12,5,62,9.3
Portugal_2018,Portugal,2018,34929,22,20.43,5.2,62,9.4
Portugal_2019,Portugal,2019,37845,22.5,20.74,5.4,62,9.5
Portugal_2020,Portugal,2020,35875,23,21.08,5.6,63,10.5
Portugal_2021,Portugal,2021,39036,23.4,21.43,5.7,64,11.1
Portugal_2022,Portugal,2022,44963,23.8,21.79,5.8,58,10.6
Slovak Republic_2010,Slovak Republic,2010,25218,12.4,19.73,3.4,39,7.7
Slovak Republic_2011,Slovak Republic,2011,26260,12.7,20.25,3.3,39,7.3
Slovak Republic_2012,Slovak Republic,2012,27001,13,20.78,3.4,39,7.5
Slovak Republic_2013,Slovak Republic,2013,28021,13.3,21.31,3.4,39,7.5
Slovak Republic_2014,Slovak Republic,2014,29030,13.7,21.87,3.4,39,6.9
Slovak Republic_2015,Slovak Republic,2015,30062,14.2,22.44,3.5,39,6.8
Slovak Republic_2016,Slovak Republic,2016,29738,14.7,23.03,3.5,39,7
Slovak Republic_2017,Slovak Republic,2017,30147,15.3,23.63,3.4,39,6.8
Slovak Republic_2018,Slovak Republic,2018,31374,15.8,24.24,3.5,39,6.7
Slovak Republic_2019,Slovak Republic,2019,33949,16.3,24.86,3.6,39,6.9
Slovak Republic_2020,Slovak Republic,2020,34991,16.8,25.5,3.7,39,7.1
Slovak Republic_2021,Slovak Republic,2021,37837,17.2,26.15,3.7,40,7.8
Slovak Republic_2022,Slovak Republic,2022,40630,17.6,26.82,3.7,39,7.8
Slovenia_2010,Slovenia,2010,27819,16.6,16,2.5,63,8.6
Slovenia_2011,Slovenia,2011,28931,16.6,16.13,2.6,63,8.5
Slovenia_2012,Slovenia,2012,29048,17,16.27,2.6,63,8.7
Slovenia_2013,Slovenia,2013,29980,17.3,16.42,2.7,63,8.7
Slovenia_2014,Slovenia,2014,30873,17.7,16.6,2.8,63,8.5
Slovenia_2015,Slovenia,2015,31632,18.2,16.82,2.9,63,8.5
Slovenia_2016,Slovenia,2016,33943,18.7,17.08,3.1,63,8.5
Slovenia_2017,Slovenia,2017,36518,19.1,17.38,3.2,63,8.2
Slovenia_2018,Slovenia,2018,39008,19.7,17.71,3.2,63,8.3
Slovenia_2019,Slovenia,2019,42735,20,18.09,3.3,63,8.5
Slovenia_2020,Slovenia,2020,42033,20.5,18.5,3.4,62,9.4
Slovenia_2021,Slovenia,2021,46510,20.9,18.95,3.4,66,9.5
Slovenia_2022,Slovenia,2022,51365,21.3,19.44,3.4,60,8.8
Spain_2010,Spain,2010,31687,17,19.4,3.8,83,9.1
Spain_2011,Spain,2011,31872,17.2,19.17,3.8,83,9.2
Spain_2012,Spain,2012,31725,17.5,18.88,3.8,83,9.2
Spain_2013,Spain,2013,32463,17.9,18.57,3.8,83,9.1
Spain_2014,Spain,2014,33559,18.3,18.23,3.8,83,9.1
Spain_2015,Spain,2015,34946,18.6,17.89,3.9,83,9.1
Spain_2016,Spain,2016,37333,18.8,17.54,3.8,83,8.9
Spain_2017,Spain,2017,39602,19.1,17.21,3.9,83,8.9
Spain_2018,Spain,2018,40777,19.3,16.87,4,83,9
Spain_2019,Spain,2019,43767,19.5,16.55,4.4,83,9.1
Spain_2020,Spain,2020,38976,19.6,16.24,4.6,85,10.7
Spain_2021,Spain,2021,43698,20,15.95,4.5,84,10.7
Spain_2022,Spain,2022,48852,20.2,15.67,4.3,79,10.4
Sweden_2010,Sweden,2010,41961,18.3,14.54,3.8,115,8.3
Sweden_2011,Sweden,2011,44335,18.6,14.6,3.9,115,10.4
Sweden_2012,Sweden,2012,45217,19,14.63,4,115,10.7
Sweden_2013,Sweden,2013,46105,19.3,14.67,4,115,10.9
Sweden_2014,Sweden,2014,46837,19.5,14.7,4.1,115,10.9
Sweden_2015,Sweden,2015,48781,19.7,14.74,4.2,115,10.8
Sweden_2016,Sweden,2016,50329,19.8,14.8,4.2,115,10.9
Sweden_2017,Sweden,2017,51473,19.8,14.86,4.3,115,10.8
Sweden_2018,Sweden,2018,53123,19.9,14.93,4.3,115,10.9
Sweden_2019,Sweden,2019,57018,19.9,15,4.3,115,10.8
Sweden_2020,Sweden,2020,57467,20.1,15.08,4.3,121,11.3
Sweden_2021,Sweden,2021,63107,20.2,15.17,4.4,119,11.2
Sweden_2022,Sweden,2022,66617,20.3,15.27,4.4,104,10.7
Switzerland_2010,Switzerland,2010,54343,16.9,11.81,3.8,156,9.9
Switzerland_2011,Switzerland,2011,57515,17,11.82,3.8,156,10
Switzerland_2012,Switzerland,2012,59448,17.3,11.81,3.9,156,10.1
Switzerland_2013,Switzerland,2013,61658,17.5,11.8,4,156,10.4
Switzerland_2014,Switzerland,2014,63418,17.7,11.8,4.1,156,10.4
Switzerland_2015,Switzerland,2015,65207,17.9,11.81,4.2,156,10.8
Switzerland_2016,Switzerland,2016,67303,18,11.84,4.3,156,11
Switzerland_2017,Switzerland,2017,68149,18.2,11.87,4.3,156,11
Switzerland_2018,Switzerland,2018,70656,18.4,11.9,4.3,156,10.8
Switzerland_2019,Switzerland,2019,73695,18.6,11.94,4.4,156,11.1
Switzerland_2020,Switzerland,2020,72946,18.7,11.99,4.4,162,11.7
Switzerland_2021,Switzerland,2021,81569,18.9,12.05,4.4,155,11.8
Switzerland_2022,Switzerland,2022,90679,19.1,12.11,4.5,150,11.3
Turkey_2010,Turkey,2010,17344,7.1,28.85,1.7,17,5
Turkey_2011,Turkey,2011,19591,7.3,29.22,1.7,17,4.7
Turkey_2012,Turkey,2012,20627,7.4,29.6,1.7,17,4.4
Turkey_2013,Turkey,2013,22373,7.6,29.98,1.8,17,4.4
Turkey_2014,Turkey,2014,24105,7.8,30.37,1.8,17,4.3
Turkey_2015,Turkey,2015,25856,8.1,30.76,1.8,17,4.1
Turkey_2016,Turkey,2016,26696,8.3,31.17,1.8,17,4.3
Turkey_2017,Turkey,2017,28193,8.4,31.56,1.9,17,4.2
Turkey_2018,Turkey,2018,28300,8.6,31.92,1.9,17,4.1
Turkey_2019,Turkey,2019,28461,8.9,32.26,2,17,4.4
Turkey_2020,Turkey,2020,28680,9.3,32.6,2.1,18,4.6
Turkey_2021,Turkey,2021,31638,9.6,32.95,2.2,18,4.6
Turkey_2022,Turkey,2022,38355,9.8,33.3,2.3,14,4.3
United Kingdom_2010,United Kingdom,2010,36452,16.4,24.3,2.6,105,9.7
United Kingdom_2011,United Kingdom,2011,37182,16.5,24.55,2.7,105,9.7
United Kingdom_2012,United Kingdom,2012,38311,17,24.77,2.7,105,9.8
United Kingdom_2013,United Kingdom,2013,39927,17.4,24.97,2.7,105,9.9
United Kingdom_2014,United Kingdom,2014,41240,17.7,25.16,2.7,105,9.9
United Kingdom_2015,United Kingdom,2015,42456,17.8,25.36,2.8,105,9.8
United Kingdom_2016,United Kingdom,2016,44031,18,25.56,2.8,105,9.7
United Kingdom_2017,United Kingdom,2017,46027,18.2,25.77,2.8,105,9.6
United Kingdom_2018,United Kingdom,2018,47077,18.3,25.97,2.8,105,9.7
United Kingdom_2019,United Kingdom,2019,49918,18.5,26.17,3,105,10
United Kingdom_2020,United Kingdom,2020,48026,18.6,26.38,3,95,12.2
United Kingdom_2021,United Kingdom,2021,52726,18.7,26.6,3,111,12.4
United Kingdom_2022,United Kingdom,2022,56749,18.9,26.82,3,109,11.3
United States_2010,United States,2010,48570,13.1,35.84,2.4,146,16.2
United States_2011,United States,2011,49952,13.3,36.41,2.4,146,16.1
United States_2012,United States,2012,51645,13.7,36.93,2.5,146,16.1
United States_2013,United States,2013,53235,14.1,37.44,2.5,146,16
United States_2014,United States,2014,55094,14.5,37.94,2.5,146,16.2
United States_2015,United States,2015,56797,14.9,38.45,2.6,146,16.5
United States_2016,United States,2016,57931,15.2,38.96,2.6,146,16.8
United States_2017,United States,2017,60002,15.6,39.47,2.6,146,16.8
United States_2018,United States,2018,62825,16,39.97,2.6,146,16.6
United States_2019,United States,2019,65115,16.5,40.46,3.2,146,16.7
United States_2020,United States,2020,64265,16.5,40.97,3.2,143,18.8
United States_2021,United States,2021,70988,16.9,41.48,3.2,143,17.4
United States_2022,United States,2022,77178,17.3,41.99,3.2,153,16.6
